{"cameraMode":{"drawMode":0,"name":"Shaded","section":"Shading Mode"},"sceneLighting":true,"audioPlay":false,"sceneViewState":{"showFog":true,"showMaterialUpdate":false,"showSkybox":true,"showFlares":true,"showImageEffects":true,"showParticleSystems":true},"in2DMode":false,"pivot":{"x":14.077726364135743,"y":16.80173110961914,"z":3.9558358192443849},"rotation":{"x":-0.0011943542631343008,"y":-0.998607873916626,"z":0.025779668241739274,"w":-0.04617730900645256},"size":7.675830364227295,"orthographic":false}