{"cameraMode":{"drawMode":0,"name":"Shaded","section":"Shading Mode"},"sceneLighting":true,"audioPlay":false,"sceneViewState":{"showFog":true,"showMaterialUpdate":false,"showSkybox":true,"showFlares":true,"showImageEffects":true,"showParticleSystems":true},"in2DMode":false,"pivot":{"x":24.016725540161134,"y":-12.297443389892579,"z":-42.3031005859375},"rotation":{"x":-0.06787898391485214,"y":-0.9097625613212586,"z":0.16440537571907044,"w":-0.37522974610328677},"size":44.47615051269531,"orthographic":false}