{"cameraMode":{"drawMode":0,"name":"Shaded","section":"Shading Mode"},"sceneLighting":false,"audioPlay":false,"sceneViewState":{"showFog":true,"showMaterialUpdate":false,"showSkybox":false,"showFlares":true,"showImageEffects":true,"showParticleSystems":true},"in2DMode":false,"pivot":{"x":206.4867401123047,"y":9.734176635742188,"z":-28.571380615234376},"rotation":{"x":-0.07022165507078171,"y":0.9224802851676941,"z":-0.20126284658908845,"w":-0.32185810804367068},"size":182.4741973876953,"orthographic":false}