{"cameraMode":{"drawMode":0,"name":"Shaded","section":"Shading Mode"},"sceneLighting":true,"audioPlay":false,"sceneViewState":{"showFog":true,"showMaterialUpdate":false,"showSkybox":true,"showFlares":true,"showImageEffects":true,"showParticleSystems":true},"in2DMode":false,"pivot":{"x":409.0171813964844,"y":299.5062561035156,"z":-6.708376407623291},"rotation":{"x":0.09513923525810242,"y":-0.08814108371734619,"z":-0.009021919220685959,"w":-0.9917518496513367},"size":139.92967224121095,"orthographic":false}