{"cameraMode":{"drawMode":0,"name":"Shaded","section":"Shading Mode"},"sceneLighting":false,"audioPlay":false,"sceneViewState":{"showFog":true,"showMaterialUpdate":false,"showSkybox":false,"showFlares":true,"showImageEffects":true,"showParticleSystems":true},"in2DMode":false,"pivot":{"x":0.013198673725128174,"y":2.78934907913208,"z":-0.016169026494026185},"rotation":{"x":-0.025769608095288278,"y":-0.05603964626789093,"z":0.001398629741743207,"w":-0.9981241226196289},"size":1.560579776763916,"orthographic":false}