{"cameraMode":{"drawMode":0,"name":"Shaded","section":"Shading Mode"},"sceneLighting":true,"audioPlay":false,"sceneViewState":{"showFog":true,"showMaterialUpdate":false,"showSkybox":true,"showFlares":true,"showImageEffects":true,"showParticleSystems":true},"in2DMode":false,"pivot":{"x":-4.10678768157959,"y":8.008666038513184,"z":-81.31427001953125},"rotation":{"x":-0.05867651849985123,"y":-0.057768452912569049,"z":0.003437616629526019,"w":-0.9966184496879578},"size":1.5605791807174683,"orthographic":false}