{"cameraMode":{"drawMode":0,"name":"Shaded","section":"Shading Mode"},"sceneLighting":true,"audioPlay":false,"sceneViewState":{"showFog":true,"showMaterialUpdate":false,"showSkybox":true,"showFlares":true,"showImageEffects":true,"showParticleSystems":true},"in2DMode":false,"pivot":{"x":551.439697265625,"y":159.94488525390626,"z":658.8981323242188},"rotation":{"x":0.06648475676774979,"y":-0.3164278566837311,"z":-0.022334465757012368,"w":-0.9460743069648743},"size":466.736083984375,"orthographic":false}