{"cameraMode":{"drawMode":0,"name":"Shaded","section":"Shading Mode"},"sceneLighting":true,"audioPlay":false,"sceneViewState":{"showFog":true,"showMaterialUpdate":false,"showSkybox":true,"showFlares":true,"showImageEffects":true,"showParticleSystems":true},"in2DMode":false,"pivot":{"x":-2.553018569946289,"y":10.032583236694336,"z":-11.234580039978028},"rotation":{"x":0.0008884395938366652,"y":0.9975008964538574,"z":0.0026299376040697099,"w":-0.07393521815538407},"size":1.8810062408447266,"orthographic":false}