{"cameraMode":{"drawMode":0,"name":"Shaded","section":"Shading Mode"},"sceneLighting":true,"audioPlay":false,"sceneViewState":{"showFog":true,"showMaterialUpdate":false,"showSkybox":true,"showFlares":true,"showImageEffects":true,"showParticleSystems":true},"in2DMode":false,"pivot":{"x":4.002195835113525,"y":13.88743782043457,"z":-4.235252380371094},"rotation":{"x":-0.01665726862847805,"y":0.12734666466712953,"z":-0.002277855295687914,"w":-0.9918108582496643},"size":7.252234935760498,"orthographic":false}