{"cameraMode":{"drawMode":0,"name":"Shaded","section":"Shading Mode"},"sceneLighting":false,"audioPlay":false,"sceneViewState":{"showFog":true,"showMaterialUpdate":false,"showSkybox":false,"showFlares":true,"showImageEffects":true,"showParticleSystems":true},"in2DMode":false,"pivot":{"x":-4.626801013946533,"y":7.989349365234375,"z":-78.16616821289063},"rotation":{"x":-0.034155070781707767,"y":0.17727698385715486,"z":-0.006765796337276697,"w":-0.9837883710861206},"size":1.5605791807174683,"orthographic":false}