{"cameraMode":{"drawMode":0,"name":"Shaded","section":"Shading Mode"},"sceneLighting":true,"audioPlay":false,"sceneViewState":{"showFog":true,"showMaterialUpdate":false,"showSkybox":true,"showFlares":true,"showImageEffects":true,"showParticleSystems":true},"in2DMode":false,"pivot":{"x":317.2643737792969,"y":177.49977111816407,"z":754.5165405273438},"rotation":{"x":0.09810800105333328,"y":-0.19306309521198274,"z":-0.01950184814631939,"w":-0.9761263728141785},"size":412.3290100097656,"orthographic":false}