{"cameraMode":{"drawMode":0,"name":"Shaded","section":"Shading Mode"},"sceneLighting":false,"audioPlay":false,"sceneViewState":{"showFog":false,"showMaterialUpdate":false,"showSkybox":false,"showFlares":false,"showImageEffects":false,"showParticleSystems":false},"in2DMode":false,"pivot":{"x":39.6187744140625,"y":-18.639846801757814,"z":-20.432281494140626},"rotation":{"x":0.16956381499767304,"y":-0.10180462896823883,"z":0.01768684759736061,"w":0.9801610112190247},"size":182.4777374267578,"orthographic":false}