{"cameraMode":{"drawMode":0,"name":"Shaded","section":"Shading Mode"},"sceneLighting":false,"audioPlay":false,"sceneViewState":{"showFog":false,"showMaterialUpdate":false,"showSkybox":false,"showFlares":false,"showImageEffects":false,"showParticleSystems":false},"in2DMode":false,"pivot":{"x":10.490280151367188,"y":-102.85615539550781,"z":353.77044677734377},"rotation":{"x":0.14083918929100038,"y":0.011884826235473156,"z":-0.0016144056571647525,"w":0.9900328516960144},"size":192.5894012451172,"orthographic":false}