{"cameraMode":{"drawMode":0,"name":"Shaded","section":"Shading Mode"},"sceneLighting":false,"audioPlay":false,"sceneViewState":{"showFog":false,"showMaterialUpdate":false,"showSkybox":false,"showFlares":false,"showImageEffects":false,"showParticleSystems":false},"in2DMode":false,"pivot":{"x":-22.169301986694337,"y":2.6655588150024416,"z":4.1406121253967289},"rotation":{"x":-0.11792511492967606,"y":-0.0029960894025862219,"z":-0.0002720654592849314,"w":0.9930895566940308},"size":0.5787762999534607,"orthographic":false}