{"cameraMode":{"drawMode":0,"name":"Shaded","section":"Shading Mode"},"sceneLighting":false,"audioPlay":false,"sceneViewState":{"showFog":false,"showMaterialUpdate":false,"showSkybox":false,"showFlares":false,"showImageEffects":false,"showParticleSystems":false},"in2DMode":false,"pivot":{"x":-0.6823077201843262,"y":3.9615917205810549,"z":-0.3533749580383301},"rotation":{"x":0.07511341571807862,"y":0.6068612933158875,"z":-0.05762723460793495,"w":0.7892343997955322},"size":0.4330126941204071,"orthographic":false}