{"cameraMode":{"drawMode":0,"name":"Shaded","section":"Shading Mode"},"sceneLighting":true,"audioPlay":false,"sceneViewState":{"showFog":true,"showMaterialUpdate":false,"showSkybox":false,"showFlares":true,"showImageEffects":true,"showParticleSystems":true},"in2DMode":false,"pivot":{"x":0.25300002098083498,"y":1.8091000318527222,"z":0.00011968612670898438},"rotation":{"x":-0.03331894055008888,"y":-0.2887380123138428,"z":0.010054479353129864,"w":-0.9567874073982239},"size":6.062177658081055,"orthographic":false}